name,prompt,negative_prompt
Kamph_Default_Negative (NO),,"BREAK Watermark, Text, censored, deformed, bad anatomy, disfigured, poorly drawn face, mutated, extra limb, ugly, poorly drawn hands, missing limb, floating limbs, disconnected limbs, disconnected head, malformed hands, long neck, mutated hands and fingers, bad hands, missing fingers, cropped, worst quality, low quality, mutation, poorly drawn, huge calf, bad hands, fused hand, missing hand, disappearing arms, disappearing thigh, disappearing calf, disappearing legs, missing fingers, fused fingers, abnormal eye proportion, Abnormal hands, abnormal legs, abnormal feet,  abnormal fingers"
Kamph_Default_Negative (sfw) (NO),,"BREAK NSFW, Cleavage, Pubic Hair, Nudity, Naked, Au naturel, Watermark, Text, censored, deformed, bad anatomy, disfigured, poorly drawn face, mutated, extra limb, ugly, poorly drawn hands, missing limb, floating limbs, disconnected limbs, disconnected head, malformed hands, long neck, mutated hands and fingers, bad hands, missing fingers, cropped, worst quality, low quality, mutation, poorly drawn, huge calf, bad hands, fused hand, missing hand, disappearing arms, disappearing thigh, disappearing calf, disappearing legs, missing fingers, fused fingers, abnormal eye proportion, Abnormal hands, abnormal legs, abnormal feet,  abnormal fingers"
Kamph_Default_Negative (Low Token) (NO),,"BREAK lowres, bad anatomy, bad hands, text, error, missing fingers, extra digit, fewer digits, cropped, worst quality, low quality, normal quality, jpeg artifacts, signature, watermark, username, blurry"
Kamph_Skin Enhancer (PO),"detailed skin texture, (blush:0.5), (goosebumps:0.5), subsurface scattering",
Kamph_Skin Enhancer (clean)(PO),"detailed skin texture, (blush:0.2), (goosebumps:0.3), subsurface scattering",
Kamph_Ghibli (PO),"(Studio ghibli style, Art by Hayao Miyazaki:1.2), Anime Style, Manga Style, Hand drawn, cinematic, Sharp focus, humorous illustration, big depth of field, Masterpiece, concept art, trending on artstation, Vivid colors, Simplified style, trending on ArtStation, trending on CGSociety, Intricate, Vibrant colors, Soft Shading, Simplistic Features, Sharp Angles, Playful",
Kamph_Vector Illustrations (PO),"Vector art, Vivid colors, Clean lines, Sharp edges, Minimalist, Precise geometry, Simplistic, Smooth curves, Bold outlines, Crisp shapes, Flat colors, Illustration art piece, High contrast shadows, Technical illustration, Graphic design, Vector graphics, High contrast, Precision artwork, Linear compositions, Scalable artwork, Digital art",
Kamph_Digital Painting (PO),"glow effects, godrays, Hand drawn, render, 8k, octane render, cinema 4d, blender, dark, atmospheric 4k ultra detailed, cinematic, Sharp focus, big depth of field, Masterpiece, colors, 3d octane render, 4k, concept art, trending on artstation, hyperrealistic, Vivid colors, extremely detailed CG unity 8k wallpaper, trending on CGSociety, Intricate, High Detail, dramatic",
Kamph_Indie Game (PO),"Indie game art, Vector Art, Borderlands style, Arcane style, Cartoon style, Line art, Distinct features, Hand drawn, Technical illustration, Graphic design, Vector graphics, High contrast, Precision artwork, Linear compositions, Scalable artwork, Digital art, cinematic sensual, Sharp focus, humorous illustration, big depth of field, Masterpiece, trending on artstation, Vivid colors, trending on ArtStation, trending on CGSociety, Intricate, Low Detail, dramatic",
Kamph_Original Photo Style (PO),"Photorealistic, Hyperrealistic, Hyperdetailed, analog style, soft lighting, subsurface scattering, realistic, heavy shadow, masterpiece, best quality, ultra realistic, 8k, golden ratio, Intricate, High Detail, film photography, soft focus",
Kamph_Black and White Film Noir (PO),"(b&w, Monochromatic, Film Photography:1.3),  Photorealistic, Hyperrealistic, Hyperdetailed, film noir, analog style, soft lighting, subsurface scattering, realistic, heavy shadow, masterpiece, best quality, ultra realistic, 8k, golden ratio, Intricate, High Detail, film photography, soft focus",
Kamph_Isometric Rooms (PO),"Tiny cute isometric in a cutaway box, soft smooth lighting, soft colors, 100mm lens, 3d blender render",
Kamph_Space Hologram (PO),"hologram floating in space, a vibrant digital illustration, dribbble, quantum wavetracing, black background, behance hd",
Kamph_Cute Creatures (PO),"3d fluffy, closeup cute and adorable, cute big circular reflective eyes, long fuzzy fur, Pixar render, unreal engine cinematic smooth, intricate detail, cinematic",
Kamph_Realistic Photo Portraits (PO),"RAW candid cinema, 16mm, color graded portra 400 film, remarkable color, ultra realistic, textured skin, remarkable detailed pupils, realistic dull skin noise, visible skin detail, skin fuzz, dry skin, shot with cinematic camera",
Kamph_Professional Scenic Photographs (PO),"long shot scenic professional photograph of BREAK {prompt} BREAK, perfect viewpoint, highly detailed, wide-angle lens, hyper realistic, with dramatic sky, polarizing filter, natural lighting, vivid colors, everything in sharp focus, HDR, UHD, 64K",
"Voodoo negative (NO)",,"BREAK cropped, simple background, missing hand, amputee, extra hands, cripple, mutated limbs, loli, lolicon, menu, ui, ux, user interface, mismatched eyes, malformed breasts, (bad_prompt_version2:0.8)"
"Terse negative (NO)",,"BREAK (worst quality, low quality:1.4), loli, lolicon, text, watermark, signature"
"Ultra-terse negative (NO)",,"BREAK EasyNegative, loli, lolicon, text, watermark, signature"
"Default negative (NO)",,"BREAK EasyNegativeV2, (nsfw), bad-hands-5, badhandv4"
"Aurora (PO)","{prompt} BREAK SLE, mksks style, detailed background",
"Inkpunk (PO)","{prompt} BREAK nvinkpunk, modelshoot style, (extremely detailed 8k wallpaper)",
"BlazingRealDrive","(photorealistic:1.4) BREAK {prompt}","BREAK (worst quality:1.8), camera, logo"
"Style #1 DFM (PO)","{prompt} BREAK by Roger Dean, by Kelly Freas and (Alphonse Mucha:0.5)",
"Style #2 FE (PO)","{prompt} BREAK by Kelly Freas and Ed Emshwiller",
"Style #3 Art deco poster (PO)","art deco propaganda poster for BREAK {prompt}",
"Style #4 Pop art (PO)","art by Ravi Zupa BREAK A vibrant pop art-inspired illustration featuring BREAK {prompt} BREAK with psychedelic patterns, exaggerated features, and bold, contrasting colors",
"Style #4 Splash art (PO)","(surreal abstract minimalist cubism ink fusion with alcohol ink painting) , vintage colour grading BREAK {prompt} BREAK sparse, few random straight lines, surreal, bizarre, absurd [Kandinsky|Lissitzky|Malevich], minimalism",
"Style #5 Neon glitch (PO)","(colorful shadow art, shadow silhouette:1.3) BREAK {prompt} BREAK (etching, neon tech imprint, blueprint glitch imprint:1.2)",
"Style #6 Purple haze (PO)","{prompt} BREAK style of Junko Mizuno, style of Ed Mell BREAK illustration, cover art, pastel, flat color, abstract",
"Style #7 Edwardian (PO)","{prompt} BREAK by Zhang Xiaogang, Theophile Alexandre Steinlen and David Hockney",
"Style #8 Wash (PO)","{prompt} BREAK (line art, irregular loose watercolor ink wash, bright bold colors, expressive brush strokes:1.2)",
"Style #9 Sketch (PO)","{prompt} BREAK (preliminary sketch, outlines, monochrome, incomplete, unfinished, (white space), line art:1.2)",
"Style #10 picturebook (PO)","{prompt} (traditional media:1.3) (brush stroke ink:0.8) (crayon:1.2) (illustration:1.3), (Yoji Shinkawa), Loish, (John Bauer)",
"Style #11 rust (PO)","{prompt} BREAK by john bauer, alessandro gottardo, wäinö aaltonen BREAK (flat color, line art, dark black and rust:1.5)",
"Style #11a just rust (PO)","{prompt} BREAK (flat color, line art, dark black and rust:1.5)",
"Style #12 vignette (PO)","{prompt} BREAK [(white background:1.5),::5] ",
"Style #13 frfr (NO)",,"BREAK (outlines, line art:1.5), shading"
"Style #14 esoteric (PO)","{prompt} BREAK (Illuminati, Atlantis, Codex Seraphinianus, voynich manuscript:1.2)",
cinematic_still,"cinematic still BREAK {prompt} BREAK emotional, harmonious, vignette, highly detailed, high budget, bokeh, cinemascope, moody, epic, gorgeous, film grain, grainy","BREAK anime, cartoon, graphic, text, painting, crayon, graphite, abstract, glitch, deformed, mutated, ugly, disfigured"
sai-3d-model,"professional 3d model BREAK {prompt} BREAK octane render, highly detailed, volumetric, dramatic lighting","BREAK ugly, deformed, noisy, low poly, blurry, painting"
sai-analog film,"analog film photo BREAK {prompt} BREAK faded film, desaturated, 35mm photo, grainy, vignette, vintage, Kodachrome, Lomography, stained, highly detailed, found footage","BREAK painting, drawing, illustration, glitch, deformed, mutated, cross-eyed, ugly, disfigured"
sai-anime,"anime artwork BREAK {prompt} BREAK anime style, key visual, vibrant, studio anime,  highly detailed","BREAK photo, deformed, black and white, realism, disfigured, low contrast"
sai-cinematic,"cinematic film still BREAK {prompt} BREAK shallow depth of field, vignette, highly detailed, high budget, bokeh, cinemascope, moody, epic, gorgeous, film grain, grainy","BREAK anime, cartoon, graphic, text, painting, crayon, graphite, abstract, glitch, deformed, mutated, ugly, disfigured"
sai-comic book,"comic BREAK {prompt} BREAK graphic illustration, comic art, graphic novel art, vibrant, highly detailed","BREAK photograph, deformed, glitch, noisy, realistic, stock photo"
sai-craft clay,"play-doh style BREAK {prompt} BREAK sculpture, clay art, centered composition, Claymation","BREAK sloppy, messy, grainy, highly detailed, ultra textured, photo"
sai-digital art,"concept art BREAK {prompt} BREAK digital artwork, illustrative, painterly, matte painting, highly detailed","BREAK photo, photorealistic, realism, ugly"
sai-enhance,"breathtaking BREAK {prompt} BREAK award-winning, professional, highly detailed","BREAK ugly, deformed, noisy, blurry, distorted, grainy"
sai-fantasy art,"ethereal fantasy concept art of  BREAK {prompt} BREAK magnificent, celestial, ethereal, painterly, epic, majestic, magical, fantasy art, cover art, dreamy","BREAK photographic, realistic, realism, 35mm film, dslr, cropped, frame, text, deformed, glitch, noise, noisy, off-center, deformed, cross-eyed, closed eyes, bad anatomy, ugly, disfigured, sloppy, duplicate, mutated, black and white"
sai-isometric,"isometric style BREAK {prompt} BREAK vibrant, beautiful, crisp, detailed, ultra detailed, intricate","BREAK deformed, mutated, ugly, disfigured, blur, blurry, noise, noisy, realistic, photographic"
sai-line art,"line art drawing BREAK {prompt} BREAK professional, sleek, modern, minimalist, graphic, line art, vector graphics","BREAK anime, photorealistic, 35mm film, deformed, glitch, blurry, noisy, off-center, deformed, cross-eyed, closed eyes, bad anatomy, ugly, disfigured, mutated, realism, realistic, impressionism, expressionism, oil, acrylic"
sai-lowpoly,"low-poly style BREAK {prompt} BREAK low-poly game art, polygon mesh, jagged, blocky, wireframe edges, centered composition","BREAK noisy, sloppy, messy, grainy, highly detailed, ultra textured, photo"
sai-neonpunk,"neonpunk style BREAK {prompt} BREAK cyberpunk, vaporwave, neon, vibes, vibrant, stunningly beautiful, crisp, detailed, sleek, ultramodern, magenta highlights, dark purple shadows, high contrast, cinematic, ultra detailed, intricate, professional","BREAK painting, drawing, illustration, glitch, deformed, mutated, cross-eyed, ugly, disfigured"
sai-origami,"origami style BREAK {prompt} BREAK paper art, pleated paper, folded, origami art, pleats, cut and fold, centered composition","BREAK noisy, sloppy, messy, grainy, highly detailed, ultra textured, photo"
sai-photographic,"cinematic photo BREAK {prompt} BREAK 35mm photograph, film, bokeh, professional, 4k, highly detailed","BREAK drawing, painting, crayon, sketch, graphite, impressionist, noisy, blurry, soft, deformed, ugly"
sai-pixel art,"pixel-art BREAK {prompt} BREAK low-res, blocky, pixel art style, 8-bit graphics","BREAK sloppy, messy, blurry, noisy, highly detailed, ultra textured, photo, realistic"
sai-texture,"texture BREAK {prompt} BREAK top down close-up","ugly, deformed, noisy, blurry"
ads-advertising,"Advertising poster style BREAK {prompt} BREAK Professional, modern, product-focused, commercial, eye-catching, highly detailed","BREAK noisy, blurry, amateurish, sloppy, unattractive"
ads-automotive,"Automotive advertisement style BREAK {prompt} BREAK Sleek, dynamic, professional, commercial, vehicle-focused, high-resolution, highly detailed","BREAK noisy, blurry, unattractive, sloppy, unprofessional"
ads-corporate,"Corporate branding style BREAK {prompt} BREAK Professional, clean, modern, sleek, minimalist, business-oriented, highly detailed","BREAK noisy, blurry, grungy, sloppy, cluttered, disorganized"
ads-fashion editorial,"Fashion editorial style BREAK {prompt} BREAK High fashion, trendy, stylish, editorial, magazine style, professional, highly detailed","BREAK outdated, blurry, noisy, unattractive, sloppy"
ads-food photography,"Food photography style BREAK {prompt} BREAK Appetizing, professional, culinary, high-resolution, commercial, highly detailed","BREAK unappetizing, sloppy, unprofessional, noisy, blurry"
ads-luxury,"Luxury product style BREAK {prompt} BREAK Elegant, sophisticated, high-end, luxurious, professional, highly detailed","BREAK cheap, noisy, blurry, unattractive, amateurish"
ads-real estate,"Real estate photography style BREAK {prompt} BREAK Professional, inviting, well-lit, high-resolution, property-focused, commercial, highly detailed","BREAK dark, blurry, unappealing, noisy, unprofessional"
ads-retail,"Retail packaging style BREAK {prompt} BREAK Vibrant, enticing, commercial, product-focused, eye-catching, professional, highly detailed","BREAK noisy, blurry, amateurish, sloppy, unattractive"
artstyle-abstract,"abstract style BREAK {prompt} BREAK non-representational, colors and shapes, expression of feelings, imaginative, highly detailed","BREAK realistic, photographic, figurative, concrete"
artstyle-abstract expressionism,"abstract expressionist painting BREAK {prompt} BREAK energetic brushwork, bold colors, abstract forms, expressive, emotional","BREAK realistic, photorealistic, low contrast, plain, simple, monochrome"
artstyle-art deco,"Art Deco style BREAK {prompt} BREAK geometric shapes, bold colors, luxurious, elegant, decorative, symmetrical, ornate, detailed","BREAK ugly, deformed, noisy, blurry, low contrast, realism, photorealistic, modernist, minimalist"
artstyle-art nouveau,"Art Nouveau style BREAK {prompt} BREAK elegant, decorative, curvilinear forms, nature-inspired, ornate, detailed","BREAK ugly, deformed, noisy, blurry, low contrast, realism, photorealistic, modernist, minimalist"
artstyle-constructivist,"constructivist style BREAK {prompt} BREAK geometric shapes, bold colors, dynamic composition, propaganda art style","BREAK realistic, photorealistic, low contrast, plain, simple, abstract expressionism"
artstyle-cubist,"cubist artwork BREAK {prompt} BREAK geometric shapes, abstract, innovative, revolutionary","BREAK anime, photorealistic, 35mm film, deformed, glitch, low contrast, noisy"
artstyle-expressionist,"expressionist BREAK {prompt} BREAK raw, emotional, dynamic, distortion for emotional effect, vibrant, use of unusual colors, detailed","BREAK realism, symmetry, quiet, calm, photo"
artstyle-graffiti,"graffiti style BREAK {prompt} BREAK street art, vibrant, urban, detailed, tag, mural","BREAK ugly, deformed, noisy, blurry, low contrast, realism, photorealistic"
artstyle-hyperrealism,"hyperrealistic art BREAK {prompt} BREAK extremely high-resolution details, photographic, realism pushed to extreme, fine texture, incredibly lifelike","BREAK simplified, abstract, unrealistic, impressionistic, low resolution"
artstyle-impressionist,"impressionist painting BREAK {prompt} BREAK loose brushwork, vibrant color, light and shadow play, captures feeling over form","BREAK anime, photorealistic, 35mm film, deformed, glitch, low contrast, noisy"
artstyle-pointillism,"pointillism style BREAK {prompt} BREAK composed entirely of small, distinct dots of color, vibrant, highly detailed","BREAK line drawing, smooth shading, large color fields, simplistic"
artstyle-pop art,"Pop Art style BREAK {prompt} BREAK bright colors, bold outlines, popular culture themes, ironic or kitsch","BREAK ugly, deformed, noisy, blurry, low contrast, realism, photorealistic, minimalist"
artstyle-psychedelic,"psychedelic style BREAK {prompt} BREAK vibrant colors, swirling patterns, abstract forms, surreal, trippy","BREAK monochrome, black and white, low contrast, realistic, photorealistic, plain, simple"
artstyle-renaissance,"Renaissance style BREAK {prompt} BREAK realistic, perspective, light and shadow, religious or mythological themes, highly detailed","BREAK ugly, deformed, noisy, blurry, low contrast, modernist, minimalist, abstract"
artstyle-steampunk,"steampunk style BREAK {prompt} BREAK antique, mechanical, brass and copper tones, gears, intricate, detailed","BREAK deformed, glitch, noisy, low contrast, anime, photorealistic"
artstyle-surrealist,"surrealist art BREAK {prompt} BREAK dreamlike, mysterious, provocative, symbolic, intricate, detailed","BREAK anime, photorealistic, realistic, deformed, glitch, noisy, low contrast"
artstyle-typography,"typographic art BREAK {prompt} BREAK stylized, intricate, detailed, artistic, text-based","BREAK ugly, deformed, noisy, blurry, low contrast, realism, photorealistic"
artstyle-watercolor,"watercolor painting BREAK {prompt} BREAK vibrant, beautiful, painterly, detailed, textural, artistic","BREAK anime, photorealistic, 35mm film, deformed, glitch, low contrast, noisy"
futuristic-biomechanical,"biomechanical style BREAK {prompt} BREAK blend of organic and mechanical elements, futuristic, cybernetic, detailed, intricate","BREAK natural, rustic, primitive, organic, simplistic"
futuristic-biomechanical cyberpunk,"biomechanical cyberpunk BREAK {prompt} BREAK cybernetics, human-machine fusion, dystopian, organic meets artificial, dark, intricate, highly detailed","BREAK natural, colorful, deformed, sketch, low contrast, watercolor"
futuristic-cybernetic,"cybernetic style BREAK {prompt} BREAK futuristic, technological, cybernetic enhancements, robotics, artificial intelligence themes","BREAK ugly, deformed, noisy, blurry, low contrast, realism, photorealistic, historical, medieval"
futuristic-cybernetic robot,"cybernetic robot BREAK {prompt} BREAK android, AI, machine, metal, wires, tech, futuristic, highly detailed","BREAK organic, natural, human, sketch, watercolor, low contrast"
futuristic-cyberpunk cityscape,"cyberpunk cityscape BREAK {prompt} BREAK neon lights, dark alleys, skyscrapers, futuristic, vibrant colors, high contrast, highly detailed","BREAK natural, rural, deformed, low contrast, black and white, sketch, watercolor"
futuristic-futuristic,"futuristic style BREAK {prompt} BREAK sleek, modern, ultramodern, high tech, detailed","BREAK ugly, deformed, noisy, blurry, low contrast, realism, photorealistic, vintage, antique"
futuristic-retro cyberpunk,"retro cyberpunk BREAK {prompt} BREAK 80's inspired, synthwave, neon, vibrant, detailed, retro futurism","BREAK modern, desaturated, black and white, realism, low contrast"
futuristic-retro futurism,"retro-futuristic BREAK {prompt} BREAK vintage sci-fi, 50s and 60s style, atomic age, vibrant, highly detailed","BREAK contemporary, realistic, rustic, primitive"
futuristic-sci-fi,"sci-fi style BREAK {prompt} BREAK futuristic, technological, alien worlds, space themes, advanced civilizations","BREAK ugly, deformed, noisy, blurry, low contrast, realism, photorealistic, historical, medieval"
futuristic-vaporwave,"vaporwave style BREAK {prompt} BREAK retro aesthetic, cyberpunk, vibrant, neon colors, vintage 80s and 90s style, highly detailed","BREAK monochrome, muted colors, realism, rustic, minimalist, dark"
game-bubble bobble,"Bubble Bobble style BREAK {prompt} BREAK 8-bit, cute, pixelated, fantasy, vibrant, reminiscent of Bubble Bobble game","BREAK realistic, modern, photorealistic, violent, horror"
game-cyberpunk game,"cyberpunk game style BREAK {prompt} BREAK neon, dystopian, futuristic, digital, vibrant, detailed, high contrast, reminiscent of cyberpunk genre video games","BREAK historical, natural, rustic, low detailed"
game-fighting game,"fighting game style BREAK {prompt} BREAK dynamic, vibrant, action-packed, detailed character design, reminiscent of fighting video games","BREAK peaceful, calm, minimalist, photorealistic"
game-gta,"GTA-style artwork BREAK {prompt} BREAK satirical, exaggerated, pop art style, vibrant colors, iconic characters, action-packed","BREAK realistic, black and white, low contrast, impressionist, cubist, noisy, blurry, deformed"
game-mario,"Super Mario style BREAK {prompt} BREAK vibrant, cute, cartoony, fantasy, playful, reminiscent of Super Mario series","BREAK realistic, modern, horror, dystopian, violent"
game-minecraft,"Minecraft style BREAK {prompt} BREAK blocky, pixelated, vibrant colors, recognizable characters and objects, game assets","BREAK smooth, realistic, detailed, photorealistic, noise, blurry, deformed"
game-pokemon,"Pokémon style BREAK {prompt} BREAK vibrant, cute, anime, fantasy, reminiscent of Pokémon series","BREAK realistic, modern, horror, dystopian, violent"
game-retro arcade,"retro arcade style BREAK {prompt} BREAK 8-bit, pixelated, vibrant, classic video game, old school gaming, reminiscent of 80s and 90s arcade games","BREAK modern, ultra-high resolution, photorealistic, 3D"
game-retro game,"retro game art BREAK {prompt} BREAK 16-bit, vibrant colors, pixelated, nostalgic, charming, fun","BREAK realistic, photorealistic, 35mm film, deformed, glitch, low contrast, noisy"
game-rpg fantasy game,"role-playing game (RPG) style fantasy BREAK {prompt} BREAK detailed, vibrant, immersive, reminiscent of high fantasy RPG games","BREAK sci-fi, modern, urban, futuristic, low detailed"
game-strategy game,"strategy game style BREAK {prompt} BREAK overhead view, detailed map, units, reminiscent of real-time strategy video games","BREAK first-person view, modern, photorealistic"
game-streetfighter,"Street Fighter style BREAK {prompt} BREAK vibrant, dynamic, arcade, 2D fighting game, highly detailed, reminiscent of Street Fighter series","BREAK 3D, realistic, modern, photorealistic, turn-based strategy"
game-zelda,"Legend of Zelda style BREAK {prompt} BREAK vibrant, fantasy, detailed, epic, heroic, reminiscent of The Legend of Zelda series","BREAK sci-fi, modern, realistic, horror"
misc-architectural,"architectural style BREAK {prompt} BREAK clean lines, geometric shapes, minimalist, modern, architectural drawing, highly detailed","BREAK curved lines, ornate, baroque, abstract, grunge"
misc-disco,"disco-themed BREAK {prompt} BREAK vibrant, groovy, retro 70s style, shiny disco balls, neon lights, dance floor, highly detailed","BREAK minimalist, rustic, monochrome, contemporary, simplistic"
misc-dreamscape,"dreamscape BREAK {prompt} BREAK surreal, ethereal, dreamy, mysterious, fantasy, highly detailed","BREAK realistic, concrete, ordinary, mundane"
misc-dystopian,"dystopian style BREAK {prompt} BREAK bleak, post-apocalyptic, somber, dramatic, highly detailed","BREAK ugly, deformed, noisy, blurry, low contrast, cheerful, optimistic, vibrant, colorful"
misc-fairy tale,"fairy tale BREAK {prompt} BREAK magical, fantastical, enchanting, storybook style, highly detailed","BREAK realistic, modern, ordinary, mundane"
misc-gothic,"gothic style BREAK {prompt} BREAK dark, mysterious, haunting, dramatic, ornate, detailed","BREAK ugly, deformed, noisy, blurry, low contrast, realism, photorealistic, cheerful, optimistic"
misc-grunge,"grunge style BREAK {prompt} BREAK textured, distressed, vintage, edgy, punk rock vibe, dirty, noisy","BREAK smooth, clean, minimalist, sleek, modern, photorealistic"
misc-horror,"horror-themed BREAK {prompt} BREAK eerie, unsettling, dark, spooky, suspenseful, grim, highly detailed","BREAK cheerful, bright, vibrant, light-hearted, cute"
misc-kawaii,"kawaii style BREAK {prompt} BREAK cute, adorable, brightly colored, cheerful, anime influence, highly detailed","BREAK dark, scary, realistic, monochrome, abstract"
misc-lovecraftian,"lovecraftian horror BREAK {prompt} BREAK eldritch, cosmic horror, unknown, mysterious, surreal, highly detailed","BREAK light-hearted, mundane, familiar, simplistic, realistic"
misc-macabre,"macabre style BREAK {prompt} BREAK dark, gothic, grim, haunting, highly detailed","BREAK bright, cheerful, light-hearted, cartoonish, cute"
misc-manga,"manga style BREAK {prompt} BREAK vibrant, high-energy, detailed, iconic, Japanese comic style","BREAK ugly, deformed, noisy, blurry, low contrast, realism, photorealistic, Western comic style"
misc-metropolis,"metropolis-themed BREAK {prompt} BREAK urban, cityscape, skyscrapers, modern, futuristic, highly detailed","BREAK rural, natural, rustic, historical, simple"
misc-minimalist,"minimalist style BREAK {prompt} BREAK simple, clean, uncluttered, modern, elegant","BREAK ornate, complicated, highly detailed, cluttered, disordered, messy, noisy"
misc-monochrome,"monochrome BREAK {prompt} BREAK black and white, contrast, tone, texture, detailed","BREAK colorful, vibrant, noisy, blurry, deformed"
misc-nautical,"nautical-themed BREAK {prompt} BREAK sea, ocean, ships, maritime, beach, marine life, highly detailed","BREAK landlocked, desert, mountains, urban, rustic"
misc-space,"space-themed BREAK {prompt} BREAK cosmic, celestial, stars, galaxies, nebulas, planets, science fiction, highly detailed","BREAK earthly, mundane, ground-based, realism"
misc-stained glass,"stained glass style BREAK {prompt} BREAK vibrant, beautiful, translucent, intricate, detailed","BREAK ugly, deformed, noisy, blurry, low contrast, realism, photorealistic"
misc-techwear fashion,"techwear fashion BREAK {prompt} BREAK futuristic, cyberpunk, urban, tactical, sleek, dark, highly detailed","BREAK vintage, rural, colorful, low contrast, realism, sketch, watercolor"
misc-tribal,"tribal style BREAK {prompt} BREAK indigenous, ethnic, traditional patterns, bold, natural colors, highly detailed","BREAK modern, futuristic, minimalist, pastel"
misc-zentangle,"zentangle BREAK {prompt} BREAK intricate, abstract, monochrome, patterns, meditative, highly detailed","BREAK colorful, representative, simplistic, large fields of color"
papercraft-collage,"collage style BREAK {prompt} BREAK mixed media, layered, textural, detailed, artistic","BREAK ugly, deformed, noisy, blurry, low contrast, realism, photorealistic"
papercraft-flat papercut,"flat papercut style BREAK {prompt} BREAK silhouette, clean cuts, paper, sharp edges, minimalist, color block","BREAK 3D, high detail, noise, grainy, blurry, painting, drawing, photo, disfigured"
papercraft-kirigami,"kirigami representation of BREAK {prompt} BREAK 3D, paper folding, paper cutting, Japanese, intricate, symmetrical, precision, clean lines","BREAK painting, drawing, 2D, noisy, blurry, deformed"
papercraft-paper mache,"paper mache representation of BREAK {prompt} BREAK 3D, sculptural, textured, handmade, vibrant, fun","BREAK 2D, flat, photo, sketch, digital art, deformed, noisy, blurry"
papercraft-paper quilling,"paper quilling art of BREAK {prompt} BREAK intricate, delicate, curling, rolling, shaping, coiling, loops, 3D, dimensional, ornamental","BREAK photo, painting, drawing, 2D, flat, deformed, noisy, blurry"
papercraft-papercut collage,"papercut collage of BREAK {prompt} BREAK mixed media, textured paper, overlapping, asymmetrical, abstract, vibrant","BREAK photo, 3D, realistic, drawing, painting, high detail, disfigured"
papercraft-papercut shadow box,"3D papercut shadow box of BREAK {prompt} BREAK layered, dimensional, depth, silhouette, shadow, papercut, handmade, high contrast","BREAK painting, drawing, photo, 2D, flat, high detail, blurry, noisy, disfigured"
papercraft-stacked papercut,"stacked papercut art of BREAK {prompt} BREAK 3D, layered, dimensional, depth, precision cut, stacked layers, papercut, high contrast","BREAK 2D, flat, noisy, blurry, painting, drawing, photo, deformed"
papercraft-thick layered papercut,"thick layered papercut art of BREAK {prompt} BREAK deep 3D, volumetric, dimensional, depth, thick paper, high stack, heavy texture, tangible layers","BREAK 2D, flat, thin paper, low stack, smooth texture, painting, drawing, photo, deformed"
photo-alien,"alien-themed BREAK {prompt} BREAK extraterrestrial, cosmic, otherworldly, mysterious, sci-fi, highly detailed","BREAK earthly, mundane, common, realistic, simple"
photo-film noir,"film noir style BREAK {prompt} BREAK monochrome, high contrast, dramatic shadows, 1940s style, mysterious, cinematic","BREAK ugly, deformed, noisy, blurry, low contrast, realism, photorealistic, vibrant, colorful"
photo-hdr,"HDR photo of BREAK {prompt} BREAK High dynamic range, vivid, rich details, clear shadows and highlights, realistic, intense, enhanced contrast, highly detailed","BREAK flat, low contrast, oversaturated, underexposed, overexposed, blurred, noisy"
photo-long exposure,"long exposure photo of BREAK {prompt} BREAK Blurred motion, streaks of light, surreal, dreamy, ghosting effect, highly detailed","BREAK static, noisy, deformed, shaky, abrupt, flat, low contrast"
photo-neon noir,"neon noir BREAK {prompt} BREAK cyberpunk, dark, rainy streets, neon signs, high contrast, low light, vibrant, highly detailed","BREAK bright, sunny, daytime, low contrast, black and white, sketch, watercolor"
photo-silhouette,"silhouette style BREAK {prompt} BREAK high contrast, minimalistic, black and white, stark, dramatic","BREAK ugly, deformed, noisy, blurry, low contrast, color, realism, photorealistic"
photo-tilt-shift,"tilt-shift photo of BREAK {prompt} BREAK Selective focus, miniature effect, blurred background, highly detailed, vibrant, perspective control","BREAK blurry, noisy, deformed, flat, low contrast, unrealistic, oversaturated, underexposed"
cinematic-diva,"UHD, 8K, ultra detailed, a cinematic photograph of BREAK {prompt} BREAK, beautiful lighting, great composition","BREAK ugly, deformed, noisy, blurry, NSFW"
Abstract Expressionism,"Abstract Expressionism Art, BREAK {prompt} BREAK, High contrast, minimalistic, colorful, stark, dramatic, expressionism","BREAK ugly, deformed, noisy, blurry, low contrast, realism, photorealistic"
Academia,"Academia, BREAK {prompt} BREAK, preppy Ivy League style, stark, dramatic, chic boarding school, academia","BREAK ugly, deformed, noisy, blurry, low contrast, grunge, sloppy, unkempt"
Action Figure,"Action Figure, BREAK {prompt} BREAK, plastic collectable action figure, collectable toy action figure","BREAK ugly, deformed, noisy, blurry, low contrast"
Adorable 3D Character,"Adorable 3D Character, BREAK {prompt} BREAK, 3D render, adorable character, 3D art","BREAK ugly, deformed, noisy, blurry, low contrast, grunge, sloppy, unkempt, photograph, photo, realistic"
Adorable Kawaii,"Adorable Kawaii, BREAK {prompt} BREAK, pretty, cute, adorable, kawaii","BREAK ugly, deformed, noisy, blurry, low contrast, gothic, dark, moody, monochromatic"
Art Deco,"Art Deco, BREAK {prompt} BREAK, sleek, geometric forms, art deco style","BREAK ugly, deformed, noisy, blurry, low contrast"
Art Nouveau,"Art Nouveau, beautiful art, BREAK {prompt} BREAK, sleek, organic forms, long, sinuous, art nouveau style","BREAK ugly, deformed, noisy, blurry, low contrast, industrial, mechanical"
Astral Aura,"Astral Aura, BREAK {prompt} BREAK, astral, colorful aura, vibrant energy","BREAK ugly, deformed, noisy, blurry, low contrast"
Avant-garde,"Avant-garde, BREAK {prompt} BREAK, unusual, experimental, avant-garde art","BREAK ugly, deformed, noisy, blurry, low contrast"
Baroque,"Baroque, BREAK {prompt} BREAK, dramatic, exuberant, grandeur, baroque art","BREAK ugly, deformed, noisy, blurry, low contrast"
Bauhaus-Style Poster,"Bauhaus-Style Poster, BREAK {prompt} BREAK, simple geometric shapes, clean lines, primary colors, Bauhaus-Style Poster","BREAK ugly, deformed, noisy, blurry, low contrast"
Blueprint Schematic Drawing,"Blueprint Schematic Drawing, BREAK {prompt} BREAK, technical drawing, blueprint, schematic","BREAK ugly, deformed, noisy, blurry, low contrast"
Caricature,"Caricature, BREAK {prompt} BREAK, exaggerated, comical, caricature","BREAK ugly, deformed, noisy, blurry, low contrast, realistic"
Cel Shaded Art,"Cel Shaded Art, BREAK {prompt} BREAK, 2D, flat color, toon shading, cel shaded style","BREAK ugly, deformed, noisy, blurry, low contrast"
Character Design Sheet,"Character Design Sheet, BREAK {prompt} BREAK, character reference sheet, character turn around","BREAK ugly, deformed, noisy, blurry, low contrast"
Classicism Art,"Classicism Art, BREAK {prompt} BREAK, inspired by Roman and Greek culture, clarity, harmonious, classicism art","BREAK ugly, deformed, noisy, blurry, low contrast"
Color Field Painting,"Color Field Painting, BREAK {prompt} BREAK, abstract, simple, geometric, color field painting style","BREAK ugly, deformed, noisy, blurry, low contrast"
Colored Pencil Art,"Colored Pencil Art, BREAK {prompt} BREAK, colored pencil strokes, light color, visible paper texture, colored pencil art","BREAK ugly, deformed, noisy, blurry, low contrast"
Conceptual Art,"Conceptual Art, BREAK {prompt} BREAK, concept art","BREAK ugly, deformed, noisy, blurry, low contrast"
Constructivism,"Constructivism Art, BREAK {prompt} BREAK, minimalistic, geometric forms, constructivism art","BREAK ugly, deformed, noisy, blurry, low contrast"
Cubism,"Cubism Art, BREAK {prompt} BREAK, flat geometric forms, cubism art","BREAK ugly, deformed, noisy, blurry, low contrast"
Dadaism,"Dadaism Art, BREAK {prompt} BREAK, satirical, nonsensical, dadaism art","BREAK ugly, deformed, noisy, blurry, low contrast"
Dark Fantasy,"Dark Fantasy Art, BREAK {prompt} BREAK, dark, moody, dark fantasy style","BREAK ugly, deformed, noisy, blurry, low contrast, bright, sunny"
Dark Moody Atmosphere,"Dark Moody Atmosphere, BREAK {prompt} BREAK, dramatic, mysterious, dark moody atmosphere","BREAK ugly, deformed, noisy, blurry, low contrast, vibrant, colorful, bright"
DMT Art Style,"DMT Art Style, BREAK {prompt} BREAK, bright colors, surreal visuals, swirling patterns, DMT art style","BREAK ugly, deformed, noisy, blurry, low contrast"
Doodle Art,"Doodle Art Style, BREAK {prompt} BREAK, drawing, freeform, swirling patterns, doodle art style","BREAK ugly, deformed, noisy, blurry, low contrast"
Double Exposure,"Double Exposure Style, BREAK {prompt} BREAK, double image ghost effect, image combination, double exposure style","BREAK ugly, deformed, noisy, blurry, low contrast"
Dripping Paint Splatter Art,"Dripping Paint Splatter Art, BREAK {prompt} BREAK, dramatic, paint drips, splatters, dripping paint","BREAK ugly, deformed, noisy, blurry, low contrast"
Expressionism,"Expressionism Art Style, BREAK {prompt} BREAK, movement, contrast, emotional, exaggerated forms, expressionism art style","BREAK ugly, deformed, noisy, blurry, low contrast"
Faded Polaroid Photo,"Faded Polaroid Photo, BREAK {prompt} BREAK, analog, old faded photo, old polaroid","BREAK ugly, deformed, noisy, blurry, low contrast, vibrant, colorful"
Fauvism,"Fauvism Art, BREAK {prompt} BREAK, painterly, bold colors, textured brushwork, fauvism art","BREAK ugly, deformed, noisy, blurry, low contrast"
Flat 2D Art,"Flat 2D Art, BREAK {prompt} BREAK, simple flat color, 2-dimensional, Flat 2D Art Style","BREAK ugly, deformed, noisy, blurry, low contrast, 3D, photo, realistic"
Fortnite Art Style,"Fortnite Art Style, BREAK {prompt} BREAK, 3D cartoon, colorful, Fortnite Art Style","BREAK ugly, deformed, noisy, blurry, low contrast, photo, realistic"
Futurism,"Futurism Art Style, BREAK {prompt} BREAK, dynamic, dramatic, Futurism Art Style","BREAK ugly, deformed, noisy, blurry, low contrast"
Glitchcore,"Glitchcore Art Style, BREAK {prompt} BREAK, dynamic, dramatic, distorted, vibrant colors, glitchcore art style","BREAK ugly, deformed, noisy, blurry, low contrast"
Glo-fi,"Glo-fi Art Style, BREAK {prompt} BREAK, dynamic, dramatic, vibrant colors, glo-fi art style","BREAK ugly, deformed, noisy, blurry, low contrast"
Googie Art Style,"Googie Art Style, BREAK {prompt} BREAK, dynamic, dramatic, 1950's futurism, bold boomerang angles, Googie art style","BREAK ugly, deformed, noisy, blurry, low contrast"
Graffiti Art,"Graffiti Art Style, BREAK {prompt} BREAK, dynamic, dramatic, vibrant colors, graffiti art style","BREAK ugly, deformed, noisy, blurry, low contrast"
Harlem Renaissance Art,"Harlem Renaissance Art Style, BREAK {prompt} BREAK, dynamic, dramatic, 1920s African American culture, Harlem Renaissance art style","BREAK ugly, deformed, noisy, blurry, low contrast"
High Fashion,"High Fashion, BREAK {prompt} BREAK, dynamic, dramatic, haute couture, elegant, ornate clothing, High Fashion","BREAK ugly, deformed, noisy, blurry, low contrast"
Idyllic,"Idyllic, BREAK {prompt} BREAK, peaceful, happy, pleasant, happy, harmonious, picturesque, charming","BREAK ugly, deformed, noisy, blurry, low contrast"
Impressionism,"Impressionism, BREAK {prompt} BREAK, painterly, small brushstrokes, visible brushstrokes, impressionistic style","BREAK ugly, deformed, noisy, blurry, low contrast"
Infographic Drawing,"Infographic Drawing, BREAK {prompt} BREAK, diagram, infographic","BREAK ugly, deformed, noisy, blurry, low contrast"
Ink Dripping Drawing,"Ink Dripping Drawing, BREAK {prompt} BREAK, ink drawing, dripping ink","BREAK ugly, deformed, noisy, blurry, low contrast, colorful, vibrant"
Japanese Ink Drawing,"Japanese Ink Drawing, BREAK {prompt} BREAK, ink drawing, inkwash, Japanese Ink Drawing","BREAK ugly, deformed, noisy, blurry, low contrast, colorful, vibrant"
Knolling Photography,"Knolling Photography, BREAK {prompt} BREAK, flat lay photography, object arrangment, knolling photography","BREAK ugly, deformed, noisy, blurry, low contrast"
Light Cheery Atmosphere,"Light Cheery Atmosphere, BREAK {prompt} BREAK, happy, joyful, cheerful, carefree, gleeful, lighthearted, pleasant atmosphere","BREAK ugly, deformed, noisy, blurry, low contrast, monochromatic, dark, moody"
Logo Design,"Logo Design, BREAK {prompt} BREAK, dynamic graphic art, vector art, minimalist, professional logo design","BREAK ugly, deformed, noisy, blurry, low contrast"
Luxurious Elegance,"Luxurious Elegance, BREAK {prompt} BREAK, extravagant, ornate, designer, opulent, picturesque, lavish","BREAK ugly, deformed, noisy, blurry, low contrast"
Macro Photography,"Macro Photography, BREAK {prompt} BREAK, close-up, macro 100mm, macro photography","BREAK ugly, deformed, noisy, blurry, low contrast"
Mandola Art,"Mandola art style, BREAK {prompt} BREAK, complex, circular design, mandola","BREAK ugly, deformed, noisy, blurry, low contrast"
Marker Drawing,"Marker Drawing, BREAK {prompt} BREAK, bold marker lines, visible paper texture, marker drawing","BREAK ugly, deformed, noisy, blurry, low contrast, photograph, realistic"
Medievalism,"Medievalism, BREAK {prompt} BREAK, inspired by The Middle Ages, medieval art, elaborate patterns and decoration, Medievalism","BREAK ugly, deformed, noisy, blurry, low contrast"
Minimalism,"Minimalism, BREAK {prompt} BREAK, abstract, simple geometric shapes, hard edges, sleek contours, Minimalism","BREAK ugly, deformed, noisy, blurry, low contrast"
Neo-Baroque,"Neo-Baroque, BREAK {prompt} BREAK, ornate and elaborate, dynamic, Neo-Baroque","BREAK ugly, deformed, noisy, blurry, low contrast"
Neo-Byzantine,"Neo-Byzantine, BREAK {prompt} BREAK, grand decorative religious style, Orthodox Christian inspired, Neo-Byzantine","BREAK ugly, deformed, noisy, blurry, low contrast"
Neo-Futurism,"Neo-Futurism, BREAK {prompt} BREAK, high-tech, curves, spirals, flowing lines, idealistic future, Neo-Futurism","BREAK ugly, deformed, noisy, blurry, low contrast"
Neo-Impressionism,"Neo-Impressionism, BREAK {prompt} BREAK, tiny dabs of color, Pointillism, painterly, Neo-Impressionism","BREAK ugly, deformed, noisy, blurry, low contrast, photograph, realistic"
Neo-Rococo,"Neo-Rococo, BREAK {prompt} BREAK, curved forms, naturalistic ornamentation, elaborate, decorative, gaudy, Neo-Rococo","BREAK ugly, deformed, noisy, blurry, low contrast"
Neoclassicism,"Neoclassicism, BREAK {prompt} BREAK, ancient Rome and Greece inspired, idealic, sober colors, Neoclassicism","BREAK ugly, deformed, noisy, blurry, low contrast"
Op Art,"Op Art, BREAK {prompt} BREAK, optical illusion, abstract, geometric pattern, impression of movement, Op Art","BREAK ugly, deformed, noisy, blurry, low contrast"
Ornate and Intricate,"Ornate and Intricate, BREAK {prompt} BREAK, decorative, highly detailed, elaborate, ornate, intricate","BREAK ugly, deformed, noisy, blurry, low contrast"
Pencil Sketch Drawing,"Pencil Sketch Drawing, BREAK {prompt} BREAK, black and white drawing, graphite drawing","BREAK ugly, deformed, noisy, blurry, low contrast"
Pop Art 2,"Pop Art, BREAK {prompt} BREAK, vivid colors, flat color, 2D, strong lines, Pop Art","BREAK ugly, deformed, noisy, blurry, low contrast, photo, realistic"
Rococo,"Rococo, BREAK {prompt} BREAK, flamboyant, pastel colors, curved lines, elaborate detail, Rococo","BREAK ugly, deformed, noisy, blurry, low contrast"
Silhouette Art,"Silhouette Art, BREAK {prompt} BREAK, high contrast, well defined, Silhouette Art","BREAK ugly, deformed, noisy, blurry, low contrast"
Simple Vector Art,"Simple Vector Art, BREAK {prompt} BREAK, 2D flat, simple shapes, minimalistic, professional graphic, flat color, high contrast, Simple Vector Art","BREAK ugly, deformed, noisy, blurry, low contrast, 3D, photo, realistic"
Sketchup,"Sketchup, BREAK {prompt} BREAK, CAD, professional design, Sketchup","BREAK ugly, deformed, noisy, blurry, low contrast, photo, photograph"
Steampunk 2,"Steampunk, BREAK {prompt} BREAK, retrofuturistic science fantasy, steam-powered tech, vintage industry, gears, neo-victorian, steampunk","BREAK ugly, deformed, noisy, blurry, low contrast"
Surrealism,"Surrealism, BREAK {prompt} BREAK, expressive, dramatic, organic lines and forms, dreamlike and mysterious, Surrealism","BREAK ugly, deformed, noisy, blurry, low contrast, realistic"
Suprematism,"Suprematism, BREAK {prompt} BREAK, abstract, limited color palette, geometric forms, Suprematism","BREAK ugly, deformed, noisy, blurry, low contrast, realistic"
Terragen,"Terragen, BREAK {prompt} BREAK, beautiful massive landscape, epic scenery, Terragen","BREAK ugly, deformed, noisy, blurry, low contrast"
Tranquil Relaxing Atmosphere,"Tranquil Relaxing Atmosphere, BREAK {prompt} BREAK, calming style, soothing colors, peaceful, idealic, Tranquil Relaxing Atmosphere","BREAK ugly, deformed, noisy, blurry, low contrast, oversaturated"
Sticker Designs,"Vector Art Stickers, BREAK {prompt} BREAK, professional vector design, sticker designs, Sticker Sheet","BREAK ugly, deformed, noisy, blurry, low contrast"
Vibrant Rim Light,"Vibrant Rim Light, BREAK {prompt} BREAK, bright rim light, high contrast, bold edge light","BREAK ugly, deformed, noisy, blurry, low contrast"
Volumetric Lighting,"Volumetric Lighting, BREAK {prompt} BREAK, light depth, dramatic atmospheric lighting, Volumetric Lighting","BREAK ugly, deformed, noisy, blurry, low contrast"
Watercolor 2,"Watercolor style painting, BREAK {prompt} BREAK, visible paper texture, colorwash, watercolor","BREAK ugly, deformed, noisy, blurry, low contrast, photo, realistic"
Whimsical and Playful,"Whimsical and Playful, BREAK {prompt} BREAK, imaginative, fantastical, bight colors, stylized, happy, Whimsical and Playful","BREAK ugly, deformed, noisy, blurry, low contrast, drab, boring, moody"
"Kamph_3d-model","professional 3d model BREAK {prompt} BREAK, octane render, highly detailed, volumetric, dramatic lighting","BREAK ugly, deformed, noisy, low poly, blurry, painting"
"Kamph_Analog film","analog film photo BREAK {prompt} BREAK, faded film, desaturated, 35mm photo, grainy, vignette, vintage, Kodachrome, Lomography, stained, highly detailed, found footage","BREAK painting, drawing, illustration, glitch, deformed, mutated, cross-eyed, ugly, disfigured"
"Kamph_Anime","anime artwork BREAK {prompt} BREAK, anime style, key visual, vibrant, studio anime,  highly detailed","BREAK photo, deformed, black and white, realism, disfigured, low contrast"
"Kamph_Cinematic","cinematic film still BREAK {prompt} BREAK, shallow depth of field, vignette, highly detailed, high budget Hollywood film, bokeh, cinemascope, moody, epic, gorgeous, film grain","BREAK anime, cartoon, graphic, text, painting, crayon, graphite, abstract, glitch"
"Kamph_Comic book","comic BREAK {prompt} BREAK, graphic illustration, comic art, graphic novel art, vibrant, highly detailed","BREAK photograph, deformed, glitch, noisy, realistic, stock photo"
"Kamph_Digital art","concept art BREAK {prompt} BREAK, digital artwork, illustrative, painterly, matte painting, highly detailed","BREAK photo, photorealistic, realism, ugly"
"Kamph_Fantasy art","ethereal fantasy concept art of  BREAK {prompt} BREAK, magnificent, celestial, ethereal, painterly, epic, majestic, magical, fantasy art, cover art, dreamy","BREAK photographic, realistic, realism, 35mm film, dslr, cropped, frame, text, deformed, glitch, noise, noisy, off-center, deformed, cross-eyed, closed eyes, bad anatomy, ugly, disfigured, sloppy, duplicate, mutated, black and white"
"Kamph_Cyberpunk","neonpunk style BREAK {prompt} BREAK, cyberpunk, vaporwave, neon, vibes, vibrant, stunningly beautiful, crisp, detailed, sleek, ultramodern, magenta highlights, dark purple shadows, high contrast, cinematic, ultra detailed, intricate, professional","BREAK painting, drawing, illustration, glitch, deformed, mutated, cross-eyed, ugly, disfigured"
"Kamph_Photo with Bokeh","cinematic photo BREAK {prompt} BREAK, 35mm photograph, film, bokeh, professional, 4k, highly detailed","BREAK drawing, painting, crayon, sketch, graphite, impressionist, noisy, blurry, soft, deformed, ugly"
"Kamph_Photo without Bokeh","cinematic photo BREAK {prompt} BREAK, 35mm photograph, film, professional, 4k, highly detailed","BREAK bokeh, drawing, painting, crayon, sketch, graphite, impressionist, noisy, blurry, soft, deformed, ugly"
"Kamph_Enhancer","breathtaking BREAK {prompt} BREAK, masterpiece, award-winning, professional, highly detailed","BREAK ugly, deformed, noisy, blurry, distorted, grainy"
"Bens_Red Dress (Tutorial Prompt) (PO)","a fashion shoot of a european woman with blonde hair in a maxi silk red dress with slit at front of dress from thigh to floor, (legs exposed:1.8), Red Patent Pointed Stiletto Heel Court Shoes, plain background, RAW candid cinema, 35mm, color graded portra 400 film, remarkable color, ultra realistic, textured skin, remarkable detailed pupils, realistic dull skin noise, visible skin detail, skin fuzz, dry skin, shot with cinematic camera",
"Bens_Daguerreotype Photo 1920","daguerreotype photo, BREAK {prompt} BREAK,  1920s photography, historical photo, aged photo, black & white photography, damaged photo","BREAK cartoon, illustration, painting, frame"
"Bens Underwater and god rays","deep underwater, BREAK {prompt} BREAK highly detailed,  intricate lighting, god rays","BREAK ugly, deformed, noisy, blurry, low contrast,"
